Complaint ID,Customer Name,Complaint Type,Staff Name,Department,Product Details,Date of Complaint,Store Location,Brief Complaint,AI Sentiment,AI Sentiment Score,AI Priority Level,AI Escalated,AI Escalation Queue,AI Brief Reason
40,Olivia Thompson,Product,Robert Baker,Grocery,Expired milk,7/10/2023,SuperMart,Received expired product,Negative,-0.85,High,Yes,Product Team,"The customer received an expired product, which poses a safety concern and requires immediate attention from the product team."
69,Evelyn Adams,Product,Robert Baker,Grocery,Expired milk,8/8/2023,HyperMart,Received expired product,Negative,-0.85,High,Yes,Product Team,"The customer received an expired product, which poses a safety concern and requires immediate attention from the product team."
205,William Thompson,Staff,Sarah Johnson,Grocery,Expired milk,12/22/2023,SuperMart,Staff was rude during checkout,Negative,-0.85,High,Yes,Manager/Supervisor,Staff misconduct requires immediate attention from a supervisor.
229,William Thompson,Staff,Sarah Johnson,Grocery,Expired milk,1/15/2024,SuperMart,Staff was rude during checkout,Negative,-0.85,High,Yes,Manager/Supervisor,Staff misconduct requires immediate attention from a supervisor.
1,John Smith,Product,Sarah Johnson,Grocery,Expired milk,6/1/2023,SuperMart,Received a defective product,Negative,-0.75,High,Yes,Product Team,"The customer received an expired milk product, which is a safety concern and requires immediate attention from the product team."
7,Daniel Johnson,Delivery,Sarah Johnson,Logistics,Damaged package,6/7/2023,SuperMart,Received the wrong item in delivery,Negative,-0.75,High,Yes,Logistics,"The customer received the wrong item in delivery, indicating a significant service failure that requires urgent attention."
14,Chloe Wilson,Product,Robert Baker,Produce,Expired vegetables,6/14/2023,MegaMart,Received a defective product,Negative,-0.75,High,Yes,Product Team,"Customer received expired vegetables, which is a safety concern and a serious product problem."
33,Sophia Davis,Delivery,Mike Anderson,Logistics,Late delivery,7/3/2023,HyperMart,Package was delivered to the wrong address,Negative,-0.75,High,Yes,Logistics,"The customer's package was delivered to the wrong address, which is a significant delivery problem requiring urgent attention."
35,Emma Roberts,Product,Robert Baker,Produce,Moldy fruits,7/5/2023,MegaMart,Received expired product,Negative,-0.75,High,Yes,Product Team,"Customer received expired product, which poses a safety concern and requires immediate attention from the Product Team."
53,William Davis,Product,David Harris,Bakery,Stale bread,7/23/2023,MegaMart,Received expired product,Negative,-0.75,High,Yes,Product Team,"The customer received expired product, which poses a safety concern and requires immediate attention from the Product Team."
59,Chloe Brown,Delivery,Mike Anderson,Logistics,Delayed delivery,7/29/2023,MegaMart,Product arrived damaged during delivery,Negative,-0.75,High,Yes,Logistics,The customer's damaged product during delivery warrants immediate attention from the logistics team to prevent further inconvenience.
66,Emma Roberts,Product,David Harris,Bakery,Stale bread,8/5/2023,HyperMart,Received expired product,Negative,-0.75,High,Yes,Product Team,"The customer received expired product, which poses a safety concern and requires immediate attention from the Product Team."
74,Emma Adams,Product,Robert Baker,Produce,Moldy fruits,8/13/2023,MegaMart,Product was damaged upon purchase,Negative,-0.75,High,Yes,Product Team,"The customer complaint about moldy fruits indicates a serious product quality issue, requiring immediate attention from the Product Team."
77,William Thompson,Delivery,Mike Anderson,Logistics,Late delivery,8/16/2023,MegaMart,Package was delivered to the wrong address,Negative,-0.75,High,Yes,Logistics,"The customer's package was delivered to the wrong address, which is a significant delivery problem requiring urgent attention."
80,Sophia Davis,Staff,Samantha Davis,Deli,Slow service,8/19/2023,MegaMart,Cashier behaved unprofessionally,Negative,-0.75,High,Yes,Manager/Supervisor,Staff misconduct requires managerial attention to address the unprofessional behavior.
90,Emma Adams,Delivery,Sarah Johnson,Grocery,Expired milk,8/29/2023,HyperMart,Received the wrong item in delivery,Negative,-0.75,High,Yes,Logistics,"The customer received the wrong item in delivery, which is a serious service failure requiring urgent attention."
92,Liam Davis,Product,Samantha Davis,Deli,Slow service,8/31/2023,MegaMart,Product had manufacturing defects,Negative,-0.75,High,Yes,Product Team,The customer complaint about manufacturing defects requires immediate attention from the product team to prevent further issues and ensure customer satisfaction.
99,Chloe Brown,Staff,Samantha Davis,Deli,Slow service,9/7/2023,HyperMart,Cashier behaved unprofessionally,Negative,-0.75,High,Yes,Manager/Supervisor,Staff misconduct requires managerial attention to address the unprofessional behavior.
103,James Wilson,Product,Sarah Johnson,Grocery,Expired milk,9/11/2023,SuperMart,Item was not as advertised,Negative,-0.75,High,Yes,Product Team,"The customer complaint about expired milk suggests a serious product quality issue, requiring immediate attention from the Product Team."
104,Sophia Davis,Staff,Robert Baker,Produce,Moldy fruits,9/12/2023,MegaMart,Cashier behaved unprofessionally,Negative,-0.75,High,Yes,Manager/Supervisor,Staff misconduct requires managerial intervention
105,Oliver Thompson,Product,Samantha Davis,Deli,Slow service,9/13/2023,HyperMart,Product had manufacturing defects,Negative,-0.75,High,Yes,Product Team,The customer complaint about manufacturing defects requires immediate attention from the product team to prevent further issues and ensure customer satisfaction.
113,Oliver Thompson,Delivery,Mike Anderson,Logistics,Lost package,9/21/2023,MegaMart,Order was marked delivered but not received,Negative,-0.75,High,Yes,Logistics,"The customer's order was marked delivered but not received, indicating a potential issue with the delivery process, requiring immediate attention from the logistics team."
118,Evelyn Johnson,Delivery,David Harris,Bakery,Stale bread,9/26/2023,SuperMart,Package was delivered to the wrong address,Negative,-0.75,High,Yes,Logistics,Delivery to the wrong address is a critical error that requires immediate attention from the logistics team.
125,William Thompson,Delivery,Mike Anderson,Logistics,Lost package,10/3/2023,MegaMart,Order was marked delivered but not received,Negative,-0.75,High,Yes,Logistics,"The customer's order was marked delivered but not received, indicating a potential issue with the delivery process, requiring immediate attention from the logistics team."
135,James Wilson,Staff,Samantha Davis,Deli,Slow service,10/13/2023,HyperMart,Cashier behaved unprofessionally,Negative,-0.75,High,Yes,Manager/Supervisor,Staff misconduct requires managerial attention to address the unprofessional behavior.
140,Liam Davis,Staff,Robert Baker,Produce,Moldy fruits,10/18/2023,MegaMart,Cashier behaved unprofessionally,Negative,-0.75,High,Yes,Manager/Supervisor,Staff misconduct requires managerial intervention
142,Evelyn Johnson,Delivery,David Harris,Bakery,Stale bread,10/20/2023,SuperMart,Package was delivered to the wrong address,Negative,-0.75,High,Yes,Logistics,Delivery to the wrong address is a critical error that requires immediate attention from the logistics team.
160,Sophia Davis,Product,David Harris,Bakery,Stale bread,11/7/2023,SuperMart,Received expired product,Negative,-0.75,High,Yes,Product Team,"The customer received expired product, which poses a safety concern and requires immediate attention from the Product Team."
165,William Thompson,Product,Samantha Davis,Deli,Slow service,11/12/2023,HyperMart,Product had manufacturing defects,Negative,-0.75,High,Yes,Product Team,The customer complaint about manufacturing defects requires immediate attention from the product team to prevent further issues and ensure customer satisfaction.
173,William Thompson,Delivery,Mike Anderson,Logistics,Lost package,11/20/2023,MegaMart,Order was marked delivered but not received,Negative,-0.75,High,Yes,Logistics,"The customer's order was marked delivered but not received, indicating a potential issue with the delivery process, requiring immediate attention from the logistics team."
176,Sophia Davis,Staff,Robert Baker,Produce,Moldy fruits,11/23/2023,MegaMart,Cashier behaved unprofessionally,Negative,-0.75,High,Yes,Manager/Supervisor,Staff misconduct requires managerial intervention
183,James Wilson,Staff,Samantha Davis,Deli,Slow service,11/30/2023,HyperMart,Cashier behaved unprofessionally,Negative,-0.75,High,Yes,Manager/Supervisor,Staff misconduct requires managerial attention to address the unprofessional behavior.
187,Chloe Brown,Product,Sarah Johnson,Grocery,Expired milk,12/4/2023,SuperMart,Item was not as advertised,Negative,-0.75,High,Yes,Product Team,"The customer complaint about expired milk suggests a serious product quality issue, requiring immediate attention from the Product Team."
189,William Thompson,Product,Samantha Davis,Deli,Slow service,12/6/2023,HyperMart,Received a defective product,Negative,-0.75,High,Yes,Product Team,"The customer received a defective product, indicating a potential quality control issue that requires immediate attention from the Product Team."
201,Oliver Thompson,Product,Samantha Davis,Deli,Slow service,12/18/2023,HyperMart,Received a defective product,Negative,-0.75,High,Yes,Product Team,"The customer received a defective product, indicating a potential quality control issue that requires immediate attention from the Product Team."
214,Evelyn Johnson,Delivery,David Harris,Bakery,Stale bread,12/31/2023,SuperMart,Package was delivered to the wrong address,Negative,-0.75,High,Yes,Logistics,Delivery to the wrong address is a critical error that requires immediate attention from the logistics team.
223,James Wilson,Product,Sarah Johnson,Grocery,Expired milk,1/9/2024,SuperMart,Received a defective product,Negative,-0.75,High,Yes,Product Team,"The customer received an expired milk product, which is a safety concern and requires immediate attention from the product team."
225,Oliver Thompson,Product,Samantha Davis,Deli,Slow service,1/11/2024,HyperMart,Received expired product,Negative,-0.75,High,Yes,Product Team,"The customer complaint involves a product quality issue, specifically receiving an expired product, which requires immediate attention from the Product Team."
237,William Thompson,Product,Samantha Davis,Deli,Slow service,1/23/2024,HyperMart,Item stopped working shortly after purchase,Negative,-0.75,High,Yes,Product Team,Product failure shortly after purchase indicates a potential quality control issue requiring product team intervention.
243,Chloe Brown,Staff,Samantha Davis,Deli,Slow service,1/29/2024,HyperMart,Cashier behaved unprofessionally,Negative,-0.75,High,Yes,Manager/Supervisor,Staff misconduct requires managerial attention to address the unprofessional behavior.
249,Oliver Thompson,Product,Samantha Davis,Deli,Slow service,2/4/2024,HyperMart,Received a defective product,Negative,-0.75,High,Yes,Product Team,"The customer received a defective product, indicating a potential quality control issue that requires immediate attention from the Product Team."
257,Oliver Thompson,Delivery,Mike Anderson,Logistics,Lost package,2/12/2024,MegaMart,Order was marked delivered but not received,Negative,-0.75,High,Yes,Logistics,"The customer's order was marked delivered but not received, indicating a potential issue with the delivery process, requiring immediate attention from the logistics team."
262,Evelyn Johnson,Delivery,David Harris,Bakery,Stale bread,2/17/2024,SuperMart,Package was delivered to the wrong address,Negative,-0.75,High,Yes,Logistics,Delivery to the wrong address is a critical error that requires immediate attention from the logistics team.
266,Emma Adams,Delivery,Robert Baker,Produce,Moldy fruits,2/21/2024,MegaMart,Product arrived damaged during delivery,Negative,-0.75,High,Yes,Logistics,Delivery problems require urgent attention and intervention to resolve the issue of moldy fruits.
272,Sophia Davis,Staff,Robert Baker,Produce,Moldy fruits,2/27/2024,MegaMart,Staff member ignored my query,Negative,-0.75,High,Yes,Manager/Supervisor,Staff misconduct requires immediate attention from a supervisor.
273,Oliver Thompson,Product,Samantha Davis,Deli,Slow service,2/28/2024,HyperMart,Item stopped working shortly after purchase,Negative,-0.75,High,Yes,Product Team,Product failure shortly after purchase indicates a potential quality control issue requiring product team intervention.
280,Sophia Davis,Product,David Harris,Bakery,Stale bread,3/6/2024,SuperMart,Received expired product,Negative,-0.75,High,Yes,Product Team,"The customer received expired product, which poses a safety concern and requires immediate attention from the Product Team."
283,Chloe Brown,Product,Sarah Johnson,Grocery,Expired milk,3/9/2024,SuperMart,Product had manufacturing defects,Negative,-0.75,High,Yes,Product Team,The customer complaint about manufacturing defects in expired milk requires immediate attention from the product team to prevent further consumption and potential health risks.
287,James Wilson,Staff,Mike Anderson,Logistics,Lost package,3/13/2024,MegaMart,Staff member ignored my query,Negative,-0.75,High,Yes,Manager/Supervisor,"The customer's complaint of being ignored by a staff member suggests a possible issue with staff conduct, requiring escalation to a manager or supervisor."
297,Oliver Thompson,Product,Samantha Davis,Deli,Slow service,3/23/2024,HyperMart,Received a defective product,Negative,-0.75,High,Yes,Product Team,"The customer received a defective product, indicating a potential quality control issue that requires immediate attention from the Product Team."
10,Ava Turner,Staff,Samantha Davis,Deli,Incorrect order,6/10/2023,SuperMart,Employee was discourteous during interaction,Negative,-0.69,High,Yes,Manager/Supervisor,Staff misconduct requires management intervention.
52,Liam Turner,Staff,Sarah Johnson,Deli,Incorrect order,7/22/2023,SuperMart,Employee was discourteous during interaction,Negative,-0.69,High,Yes,Manager/Supervisor,Staff misconduct requires management intervention.
16,Emma Harris,Product,David Harris,Bakery,Stale bread,6/16/2023,SuperMart,Item stopped working shortly after purchase,Negative,-0.65,High,Yes,Product Team,"The customer's complaint about the product stopping work shortly after purchase suggests a potential product quality issue, requiring intervention from the Product Team."
145,Oliver Thompson,Staff,Sarah Johnson,Grocery,Expired milk,10/23/2023,SuperMart,Cashier behaved unprofessionally,Negative,-0.65,High,Yes,Manager/Supervisor,Staff misconduct requires immediate attention from management.
148,Liam Davis,Product,David Harris,Bakery,Stale bread,10/26/2023,SuperMart,Item stopped working shortly after purchase,Negative,-0.65,High,Yes,Product Team,"The customer's complaint about the product stopping work shortly after purchase suggests a potential product quality issue, requiring intervention from the Product Team."
210,Emma Adams,Staff,Emily Davis,Customer Service,Impolite behavior,12/27/2023,HyperMart,Cashier behaved unprofessionally,Negative,-0.64,High,Yes,Manager/Supervisor,Staff misconduct requires managerial attention.
57,Oliver Roberts,Staff,Samantha Davis,Deli,Slow service,7/27/2023,HyperMart,Staff was rude during checkout,Negative,-0.8,Medium,Yes,Manager/Supervisor,Staff misconduct requires intervention from management.
231,James Wilson,Staff,Samantha Davis,Deli,Slow service,1/17/2024,HyperMart,Staff was rude during checkout,Negative,-0.8,Medium,Yes,Manager/Supervisor,Staff misconduct requires intervention from management.
279,James Wilson,Staff,Samantha Davis,Deli,Slow service,3/5/2024,HyperMart,Staff was rude during checkout,Negative,-0.8,Medium,Yes,Manager/Supervisor,Staff misconduct requires intervention from management.
3,Mark Wilson,Staff,Jessica Roberts,Customer Service,Rude behavior,6/3/2023,HyperMart,Cashier behaved unprofessionally,Negative,-0.75,Medium,Yes,Manager/Supervisor,Staff misconduct requires intervention from a supervisor.
4,Lisa Thompson,Product,Robert Baker,Produce,Moldy fruits,6/4/2023,SuperMart,Item stopped working shortly after purchase,Negative,-0.75,Medium,No,None,"The customer complaint about moldy fruits does not indicate a safety concern or severe service failure, but it does suggest a meaningful product problem that requires attention."
5,Michael Brown,Staff,Samantha Davis,Deli,Slow service,6/5/2023,MegaMart,Poor customer service at the counter,Negative,-0.75,Medium,No,None,"Customer complaint about poor customer service at the counter, which is a general customer service problem."
6,Jennifer Lee,Product,David Harris,Bakery,Stale bread,6/6/2023,HyperMart,Product was damaged upon purchase,Negative,-0.75,Medium,No,None,Customer complaint about damaged product upon purchase is a meaningful product problem that requires attention but not urgent intervention.
8,Olivia White,Staff,Jessica Roberts,Customer Service,Unhelpful assistance,6/8/2023,MegaMart,Staff was not knowledgeable about products,Negative,-0.75,Medium,No,None,Customer experienced unhelpful assistance due to staff's lack of product knowledge.
9,Ethan Martinez,Product,Robert Baker,Grocery,Wrong item received,6/9/2023,HyperMart,Received a defective product,Negative,-0.75,Medium,Yes,Product Team,"The customer received a defective product, indicating a product quality issue that requires intervention from the Product Team."
15,Oliver Thompson,Staff,Sarah Johnson,Deli,Slow service,6/15/2023,HyperMart,Poor customer service at the counter,Negative,-0.75,Medium,No,None,"Customer complaint about poor customer service at the counter, which is a general customer service problem."
20,William Davis,Staff,Samantha Davis,Deli,Incorrect order,6/20/2023,MegaMart,Staff was not knowledgeable about products,Negative,-0.75,Medium,No,None,"Customer expresses dissatisfaction with staff knowledge, but does not indicate a serious issue or safety concern."
21,Evelyn Thompson,Product,David Harris,Bakery,Stale cakes,6/21/2023,HyperMart,Item stopped working shortly after purchase,Negative,-0.75,Medium,No,None,"The customer complaint about a product that stopped working shortly after purchase is a meaningful product problem that requires attention, but normal customer service handling should be sufficient."
24,Ava Wilson,Product,Robert Baker,Produce,Moldy fruits,6/24/2023,HyperMart,Item stopped working shortly after purchase,Negative,-0.75,Medium,No,None,"The customer complaint about moldy fruits does not indicate a safety concern or severe service failure, but it does suggest a meaningful product problem that requires attention."
26,Emma Adams,Staff,Jessica Roberts,Customer Service,Rude behavior,6/26/2023,MegaMart,Employee was discourteous during interaction,Negative,-0.75,Medium,Yes,Manager/Supervisor,Staff misconduct requires managerial intervention.
27,Chloe Brown,Product,David Harris,Bakery,Stale bread,6/27/2023,HyperMart,Product description was misleading,Negative,-0.75,Medium,No,None,"The customer's complaint about stale bread is a product problem, but it does not require immediate attention or escalation."
29,William Thompson,Staff,Samantha Davis,Deli,Slow service,6/29/2023,MegaMart,Staff member ignored my query,Negative,-0.75,Medium,Yes,Manager/Supervisor,Staff misconduct requires managerial intervention to address the issue.
30,Evelyn Johnson,Product,Robert Baker,Grocery,Wrong item received,6/30/2023,HyperMart,Missing parts in the product package,Negative,-0.75,Medium,No,None,"Customer complaint is about a product issue, but it's not severe enough to require escalation or high priority."
31,Olivia Adams,Staff,Emily Davis,Customer Service,Unhelpful assistance,7/1/2023,SuperMart,Staff provided incorrect information,Negative,-0.75,Medium,No,None,"Customer complaint about staff providing incorrect information, which is a general customer service problem."
32,James Wilson,Product,Sarah Johnson,Grocery,Expired milk,7/2/2023,MegaMart,Product description was misleading,Negative,-0.75,Medium,No,None,"Customer complaint about expired milk product, which is a meaningful product problem that requires attention but not urgent intervention."
34,Oliver Thompson,Staff,Jessica Roberts,Customer Service,Impolite behavior,7/4/2023,SuperMart,Poor customer service at the counter,Negative,-0.75,Medium,Yes,Manager/Supervisor,"The customer experienced poor customer service at the counter, which warrants escalation to a manager/supervisor for further investigation."
37,William Turner,Product,David Harris,Bakery,Stale cakes,7/7/2023,SuperMart,Received a defective product,Negative,-0.75,Medium,Yes,Product Team,"The customer received a defective product, which requires immediate attention from the product team to resolve the issue."
38,Evelyn Adams,Delivery,Mike Anderson,Logistics,Delayed delivery,7/8/2023,MegaMart,Delivery agent was unprofessional,Negative,-0.75,Medium,Yes,Logistics,The customer's complaint about a delayed delivery and unprofessional delivery agent warrants escalation to the logistics team for immediate attention.
39,James Roberts,Staff,Emily Davis,Customer Service,Unhelpful assistance,7/9/2023,HyperMart,Employee was unhelpful when asked for assistance,Negative,-0.75,Medium,No,None,"The customer experienced poor service, but normal customer service handling should suffice."
41,Sophia Davis,Staff,Sarah Johnson,Deli,Slow service,7/11/2023,MegaMart,Staff provided incorrect information,Negative,-0.75,Medium,Yes,Manager/Supervisor,Staff misconduct requires management intervention to address the issue of incorrect information provided to the customer.
42,Oliver Roberts,Product,David Harris,Bakery,Stale bread,7/12/2023,HyperMart,Product had manufacturing defects,Negative,-0.75,Medium,No,None,"The customer complaint about manufacturing defects in the product is a meaningful product problem, but normal customer service handling should suffice."
43,Emma Adams,Delivery,Mike Anderson,Logistics,Lost package,7/13/2023,SuperMart,Product arrived damaged during delivery,Negative,-0.75,Medium,Yes,Logistics,The customer's complaint about a damaged product during delivery requires immediate attention from the logistics team to investigate and resolve the issue.
47,Evelyn Johnson,Staff,Samantha Davis,Deli,Slow service,7/17/2023,MegaMart,Employee was unhelpful when asked for assistance,Negative,-0.75,Medium,No,None,"Customer reported poor staff behavior, but no safety concerns or severe service failure."
49,Sophia Roberts,Delivery,Mike Anderson,Logistics,Late delivery,7/19/2023,SuperMart,Received the wrong item in delivery,Negative,-0.75,Medium,Yes,Logistics,"The customer received the wrong item in delivery, indicating a delivery problem that requires escalation to the logistics team to resolve."
50,Oliver Thompson,Staff,Emily Davis,Customer Service,Impolite behavior,7/20/2023,MegaMart,Staff was not knowledgeable about products,Negative,-0.75,Medium,Yes,Manager/Supervisor,Staff behavior is a serious concern that requires management attention.
51,Emma Harris,Product,Robert Baker,Produce,Expired vegetables,7/21/2023,HyperMart,Product description was misleading,Negative,-0.75,Medium,No,None,"Customer is unhappy with the product description, but normal customer service handling should suffice."
54,Evelyn Thompson,Delivery,Mike Anderson,Logistics,Lost package,7/24/2023,HyperMart,Received fewer items than ordered,Negative,-0.75,Medium,Yes,Logistics,"The customer received fewer items than ordered, indicating a potential delivery issue that requires escalation to the logistics team for investigation and resolution."
56,Sophia Turner,Product,Robert Baker,Grocery,Wrong item received,7/26/2023,MegaMart,Received a defective product,Negative,-0.75,Medium,Yes,Product Team,"The customer received a defective product, indicating a product quality issue that requires intervention from the Product Team."
58,Emma Adams,Product,David Harris,Bakery,Stale cakes,7/28/2023,SuperMart,Item stopped working shortly after purchase,Negative,-0.75,Medium,No,None,"The customer complaint about a product that stopped working shortly after purchase is a meaningful product problem that requires attention, but normal customer service handling should be sufficient."
60,Liam Davis,Staff,Emily Davis,Customer Service,Impolite behavior,7/30/2023,HyperMart,Employee was unhelpful when asked for assistance,Negative,-0.75,Medium,No,None,"Customer reported unhelpful staff behavior, but normal customer service handling is sufficient."
62,Evelyn Johnson,Delivery,Mike Anderson,Logistics,Late delivery,8/1/2023,MegaMart,Received the wrong item in delivery,Negative,-0.75,Medium,Yes,Logistics,"The customer received the wrong item in delivery, indicating a delivery problem that requires escalation to the logistics team to resolve."
64,Sophia Davis,Product,Robert Baker,Produce,Moldy fruits,8/3/2023,SuperMart,Product description was misleading,Negative,-0.75,Medium,No,None,"The customer complaint about moldy fruits is a product problem, but it does not pose a safety concern or require urgent intervention, so normal customer service handling is sufficient."
65,Oliver Thompson,Staff,Samantha Davis,Deli,Slow service,8/4/2023,MegaMart,Long wait due to slow staff response,Negative,-0.75,Medium,No,None,"Customer experienced a moderate inconvenience with slow staff response, but normal customer service handling should be sufficient."
67,Liam Brown,Delivery,Mike Anderson,Logistics,Lost package,8/6/2023,SuperMart,Package was delivered to the wrong address,Negative,-0.75,Medium,No,None,"The customer's issue with a lost package delivered to the wrong address is a meaningful product problem, but normal customer service handling should be sufficient."
68,William Turner,Staff,Emily Davis,Customer Service,Unhelpful assistance,8/7/2023,MegaMart,Staff provided incorrect information,Negative,-0.75,Medium,No,None,"Customer complaint about staff providing incorrect information, which is a general customer service problem."
70,James Roberts,Staff,Sarah Johnson,Deli,Incorrect order,8/9/2023,SuperMart,Poor customer service at the counter,Negative,-0.75,Medium,No,None,"Customer service issue with incorrect order, but does not indicate severe dissatisfaction or safety concerns."
71,Olivia Thompson,Product,David Harris,Bakery,Stale cakes,8/10/2023,MegaMart,Product description was misleading,Negative,-0.75,Medium,No,None,"Customer complaint about stale cakes is a meaningful product problem, but normal customer service handling should suffice."
72,Sophia Davis,Delivery,Mike Anderson,Logistics,Delayed delivery,8/11/2023,HyperMart,Received the wrong item in delivery,Negative,-0.75,Medium,Yes,Logistics,"The customer received the wrong item in delivery, indicating a problem with the delivery process that requires intervention from the logistics team."
75,Chloe Brown,Staff,Samantha Davis,Deli,Slow service,8/14/2023,HyperMart,Staff was not knowledgeable about products,Negative,-0.75,Medium,No,None,"The customer's complaint about staff knowledge is a meaningful product problem, but not severe enough to warrant escalation or high priority."
78,Evelyn Johnson,Staff,Jessica Roberts,Customer Service,Rude behavior,8/17/2023,HyperMart,Long wait due to slow staff response,Negative,-0.75,Medium,No,None,"Customer experienced a long wait due to slow staff response, but no staff misconduct or severe service failure was reported."
82,Emma Roberts,Delivery,Mike Anderson,Logistics,Lost package,8/21/2023,SuperMart,Delivery was incomplete,Negative,-0.75,Medium,No,None,"The customer's complaint is a moderate inconvenience related to a delivery issue, which can be resolved through normal customer service handling."
83,Liam Brown,Staff,Emily Davis,Customer Service,Impolite behavior,8/22/2023,MegaMart,Staff provided incorrect information,Negative,-0.75,Medium,Yes,Manager/Supervisor,Staff misconduct requires managerial intervention to address the issue of providing incorrect information.
84,William Turner,Product,Robert Baker,Produce,Moldy fruits,8/23/2023,HyperMart,Product quality did not meet expectations,Negative,-0.75,Medium,No,None,"Customer complaint about moldy fruits indicates a product quality issue, which warrants a medium priority and normal customer service handling."
85,Evelyn Adams,Delivery,Sarah Johnson,Logistics,Damaged package,8/24/2023,SuperMart,Delivery was incomplete,Negative,-0.75,Medium,Yes,Logistics,The customer's complaint about an incomplete delivery requires attention from the logistics team to resolve the issue.
87,Olivia Thompson,Product,David Harris,Bakery,Stale cakes,8/26/2023,HyperMart,Received expired product,Negative,-0.75,Medium,No,None,"Customer received expired product, which is a meaningful product problem requiring attention but not urgent intervention."
95,James Wilson,Staff,Mike Anderson,Logistics,Lost package,9/3/2023,MegaMart,Long wait due to slow staff response,Negative,-0.75,Medium,No,None,"Customer is dissatisfied with slow staff response, but it does not require management intervention."
98,Emma Adams,Delivery,Robert Baker,Produce,Moldy fruits,9/6/2023,MegaMart,Package was delivered to the wrong address,Negative,-0.75,Medium,No,None,"Customer complaint about delivery issue, but not severe enough to require immediate management intervention."
100,Liam Davis,Product,David Harris,Bakery,Stale bread,9/8/2023,SuperMart,Product was damaged upon purchase,Negative,-0.75,Medium,No,None,Customer complaint about damaged product upon purchase is a meaningful product problem that requires attention but not urgent intervention.
101,William Thompson,Delivery,Mike Anderson,Logistics,Lost package,9/9/2023,MegaMart,Delivery was incomplete,Negative,-0.75,Medium,No,None,"The customer's complaint is a moderate inconvenience related to a delivery issue, which can be resolved through normal customer service handling."
102,Evelyn Johnson,Staff,Emily Davis,Customer Service,Impolite behavior,9/10/2023,HyperMart,Staff was not knowledgeable about products,Negative,-0.75,Medium,Yes,Manager/Supervisor,Staff behavior is a serious concern that requires management attention.
106,Emma Adams,Delivery,David Harris,Bakery,Stale bread,9/14/2023,SuperMart,Delivery agent was unprofessional,Negative,-0.75,Medium,Yes,Logistics,The customer's complaint about the delivery agent's unprofessional behavior warrants escalation to the logistics team for investigation and resolution.
108,Liam Davis,Product,Emily Davis,Customer Service,Impolite behavior,9/16/2023,HyperMart,Missing parts in the product package,Negative,-0.75,Medium,No,None,Customer complaint about missing parts in the product package is a meaningful product problem that requires attention but not urgent intervention.
109,William Thompson,Staff,Sarah Johnson,Grocery,Expired milk,9/17/2023,SuperMart,Staff provided incorrect information,Negative,-0.75,Medium,Yes,Manager/Supervisor,Staff misconduct requires managerial intervention to address the issue of incorrect information provided to the customer.
110,Evelyn Johnson,Delivery,Robert Baker,Produce,Moldy fruits,9/18/2023,MegaMart,Delivery was incomplete,Negative,-0.75,Medium,No,None,"The customer complaint about an incomplete delivery does not indicate a high-priority issue, but rather a meaningful product problem that can be resolved through normal customer service handling."
111,James Wilson,Staff,Samantha Davis,Deli,Slow service,9/19/2023,HyperMart,Staff member ignored my query,Negative,-0.75,Medium,Yes,Manager/Supervisor,Staff misconduct requires managerial intervention to address the issue.
114,Emma Adams,Staff,Emily Davis,Customer Service,Impolite behavior,9/22/2023,HyperMart,Employee was unhelpful when asked for assistance,Negative,-0.75,Medium,No,None,"Customer reported unhelpful staff behavior, but normal customer service handling is sufficient."
117,William Thompson,Product,Samantha Davis,Deli,Slow service,9/25/2023,HyperMart,Product was damaged upon purchase,Negative,-0.75,Medium,Yes,Product Team,"The customer complaint involves a damaged product, which requires investigation and resolution by the product team."
120,Sophia Davis,Product,Emily Davis,Customer Service,Impolite behavior,9/28/2023,HyperMart,Product had manufacturing defects,Negative,-0.75,Medium,No,None,"The customer complaint about manufacturing defects is a meaningful product problem that requires attention, but normal customer service handling is sufficient."
124,Liam Davis,Product,David Harris,Bakery,Stale bread,10/2/2023,SuperMart,Product had manufacturing defects,Negative,-0.75,Medium,No,None,"The customer complaint about manufacturing defects in the product is a meaningful product problem, but normal customer service handling should suffice."
126,Evelyn Johnson,Staff,Emily Davis,Customer Service,Impolite behavior,10/4/2023,HyperMart,Staff was not knowledgeable about products,Negative,-0.75,Medium,Yes,Manager/Supervisor,Staff behavior is a serious concern that requires management attention.
127,James Wilson,Product,Sarah Johnson,Grocery,Expired milk,10/5/2023,SuperMart,Product description was misleading,Negative,-0.75,Medium,No,None,"Customer complaint about expired milk product, which is a meaningful product problem that requires attention but not urgent intervention."
132,Liam Davis,Product,Emily Davis,Customer Service,Impolite behavior,10/10/2023,HyperMart,Product description was misleading,Negative,-0.75,Medium,No,None,The customer complaint about a misleading product description does not indicate a high-priority issue that requires management or specialized team intervention.
133,William Thompson,Staff,Sarah Johnson,Grocery,Expired milk,10/11/2023,SuperMart,Staff provided incorrect information,Negative,-0.75,Medium,Yes,Manager/Supervisor,Staff misconduct requires managerial intervention to address the issue of incorrect information provided to the customer.
134,Evelyn Johnson,Delivery,Robert Baker,Produce,Moldy fruits,10/12/2023,MegaMart,Received the wrong item in delivery,Negative,-0.75,Medium,No,None,"The customer received the wrong item in delivery, which is a meaningful product problem requiring attention, but not an urgent intervention."
137,Oliver Thompson,Delivery,Mike Anderson,Logistics,Lost package,10/15/2023,MegaMart,Package was delivered to the wrong address,Negative,-0.75,Medium,No,None,"The customer's issue with a lost package delivered to the wrong address is a meaningful product problem, but normal customer service handling should be sufficient."
138,Emma Adams,Staff,Emily Davis,Customer Service,Impolite behavior,10/16/2023,HyperMart,Long wait due to slow staff response,Negative,-0.75,Medium,No,None,"Customer is dissatisfied with slow staff response, but it does not appear to be a critical or urgent issue."
144,Sophia Davis,Product,Emily Davis,Customer Service,Impolite behavior,10/22/2023,HyperMart,Received a defective product,Negative,-0.75,Medium,Yes,Product Team,"The customer received a defective product, which requires attention from the product team to resolve."
147,Chloe Brown,Staff,Samantha Davis,Deli,Slow service,10/25/2023,HyperMart,Employee was discourteous during interaction,Negative,-0.75,Medium,Yes,Manager/Supervisor,The customer's complaint about discourteous staff behavior warrants escalation to management for further investigation and resolution.
149,William Thompson,Delivery,Mike Anderson,Logistics,Lost package,10/27/2023,MegaMart,Package was delivered to the wrong address,Negative,-0.75,Medium,No,None,"The customer's issue with a lost package delivered to the wrong address is a meaningful product problem, but normal customer service handling should be sufficient."
150,Evelyn Johnson,Staff,Emily Davis,Customer Service,Impolite behavior,10/28/2023,HyperMart,Staff provided incorrect information,Negative,-0.75,Medium,Yes,Manager/Supervisor,Staff misconduct requires managerial intervention to address the issue of providing incorrect information.
159,James Wilson,Staff,Samantha Davis,Deli,Slow service,11/6/2023,HyperMart,Employee was unhelpful when asked for assistance,Negative,-0.75,Medium,No,None,"Customer reported poor staff behavior, but no safety concerns or severe service failure."
161,Oliver Thompson,Delivery,Mike Anderson,Logistics,Lost package,11/8/2023,MegaMart,Product arrived damaged during delivery,Negative,-0.75,Medium,Yes,Logistics,The customer's complaint about a damaged product during delivery requires immediate attention from the logistics team to investigate and resolve the issue.
162,Emma Adams,Staff,Emily Davis,Customer Service,Impolite behavior,11/9/2023,HyperMart,Poor customer service at the counter,Negative,-0.75,Medium,Yes,Manager/Supervisor,"The customer experienced poor customer service at the counter, which warrants escalation to a manager/supervisor for further investigation."
168,Sophia Davis,Product,Emily Davis,Customer Service,Impolite behavior,11/15/2023,HyperMart,Product size was incorrect,Negative,-0.75,Medium,No,None,"Customer complaint about incorrect product size is a meaningful product problem, but does not require urgent intervention or management/specialized team involvement."
171,Chloe Brown,Staff,Samantha Davis,Deli,Slow service,11/18/2023,HyperMart,Staff member ignored my query,Negative,-0.75,Medium,Yes,Manager/Supervisor,Staff misconduct requires managerial intervention to address the issue.
172,Liam Davis,Product,David Harris,Bakery,Stale bread,11/19/2023,SuperMart,Product was damaged upon purchase,Negative,-0.75,Medium,No,None,Customer complaint about damaged product upon purchase is a meaningful product problem that requires attention but not urgent intervention.
174,Evelyn Johnson,Staff,Emily Davis,Customer Service,Impolite behavior,11/21/2023,HyperMart,Staff was not knowledgeable about products,Negative,-0.75,Medium,Yes,Manager/Supervisor,Staff behavior is a serious concern that requires management attention.
178,Emma Adams,Delivery,David Harris,Bakery,Stale bread,11/25/2023,SuperMart,Received fewer items than ordered,Negative,-0.75,Medium,No,None,"The customer received fewer items than ordered, which is a meaningful product problem requiring attention but not urgent intervention."
182,Evelyn Johnson,Delivery,Robert Baker,Produce,Moldy fruits,11/29/2023,MegaMart,Delivery was incomplete,Negative,-0.75,Medium,No,None,"The customer complaint about an incomplete delivery does not indicate a high-priority issue, but rather a meaningful product problem that can be resolved through normal customer service handling."
185,Oliver Thompson,Delivery,Mike Anderson,Logistics,Lost package,12/2/2023,MegaMart,No delivery updates were provided,Negative,-0.75,Medium,No,None,"Customer is dissatisfied with the lack of delivery updates, which is a moderate inconvenience that can be resolved through normal customer service handling."
186,Emma Adams,Staff,Emily Davis,Customer Service,Impolite behavior,12/3/2023,HyperMart,Long wait due to slow staff response,Negative,-0.75,Medium,No,None,"Customer is dissatisfied with slow staff response, but it does not appear to be a critical or urgent issue."
191,James Wilson,Staff,Mike Anderson,Logistics,Lost package,12/8/2023,MegaMart,Poor customer service at the counter,Negative,-0.75,Medium,No,None,"Customer expresses dissatisfaction with staff service, but it does not indicate a severe service failure or staff misconduct."
192,Sophia Davis,Product,Emily Davis,Customer Service,Impolite behavior,12/9/2023,HyperMart,Received a defective product,Negative,-0.75,Medium,Yes,Product Team,"The customer received a defective product, which requires attention from the product team to resolve."
193,Oliver Thompson,Staff,Sarah Johnson,Grocery,Expired milk,12/10/2023,SuperMart,Staff provided incorrect information,Negative,-0.75,Medium,Yes,Manager/Supervisor,Staff misconduct requires managerial intervention to address the issue of incorrect information provided to the customer.
195,Chloe Brown,Staff,Samantha Davis,Deli,Slow service,12/12/2023,HyperMart,Employee was discourteous during interaction,Negative,-0.75,Medium,Yes,Manager/Supervisor,The customer's complaint about discourteous staff behavior warrants escalation to management for further investigation and resolution.
197,William Thompson,Delivery,Mike Anderson,Logistics,Lost package,12/14/2023,MegaMart,Delivery was incomplete,Negative,-0.75,Medium,No,None,"The customer's complaint is a moderate inconvenience related to a delivery issue, which can be resolved through normal customer service handling."
203,Chloe Brown,Staff,Mike Anderson,Logistics,Lost package,12/20/2023,MegaMart,Poor customer service at the counter,Negative,-0.75,Medium,No,None,"Customer expresses dissatisfaction with staff service, but it does not indicate a severe service failure or staff misconduct."
204,Liam Davis,Product,Emily Davis,Customer Service,Impolite behavior,12/21/2023,HyperMart,Received a defective product,Negative,-0.75,Medium,Yes,Product Team,"The customer received a defective product, which requires attention from the product team to resolve."
207,James Wilson,Staff,Samantha Davis,Deli,Slow service,12/24/2023,HyperMart,Employee was unhelpful when asked for assistance,Negative,-0.75,Medium,No,None,"Customer reported poor staff behavior, but no safety concerns or severe service failure."
209,Oliver Thompson,Delivery,Mike Anderson,Logistics,Lost package,12/26/2023,MegaMart,Delivery was incomplete,Negative,-0.75,Medium,No,None,"The customer's complaint is a moderate inconvenience related to a delivery issue, which can be resolved through normal customer service handling."
216,Sophia Davis,Product,Emily Davis,Customer Service,Impolite behavior,1/2/2024,HyperMart,Product had manufacturing defects,Negative,-0.75,Medium,No,None,"The customer complaint about manufacturing defects is a meaningful product problem that requires attention, but normal customer service handling is sufficient."
218,Emma Adams,Delivery,Robert Baker,Produce,Moldy fruits,1/4/2024,MegaMart,Delivery was incomplete,Negative,-0.75,Medium,No,None,"The customer complaint about an incomplete delivery does not indicate a high-priority issue, but rather a meaningful product problem that can be resolved through normal customer service handling."
219,Chloe Brown,Staff,Samantha Davis,Deli,Slow service,1/5/2024,HyperMart,Long wait due to slow staff response,Negative,-0.75,Medium,No,None,"Customer experienced a moderate inconvenience with slow staff response, but normal customer service handling should be sufficient."
221,William Thompson,Delivery,Mike Anderson,Logistics,Lost package,1/7/2024,MegaMart,Delivery was incomplete,Negative,-0.75,Medium,No,None,"The customer's complaint is a moderate inconvenience related to a delivery issue, which can be resolved through normal customer service handling."
222,Evelyn Johnson,Staff,Emily Davis,Customer Service,Impolite behavior,1/8/2024,HyperMart,Employee was unhelpful when asked for assistance,Negative,-0.75,Medium,No,None,"Customer reported unhelpful staff behavior, but normal customer service handling is sufficient."
226,Emma Adams,Delivery,David Harris,Bakery,Stale bread,1/12/2024,SuperMart,Delivery agent was unprofessional,Negative,-0.75,Medium,Yes,Logistics,The customer's complaint about the delivery agent's unprofessional behavior warrants escalation to the logistics team for investigation and resolution.
228,Liam Davis,Product,Emily Davis,Customer Service,Impolite behavior,1/14/2024,HyperMart,Product size was incorrect,Negative,-0.75,Medium,No,None,"Customer complaint about incorrect product size is a meaningful product problem, but does not require urgent intervention or management/specialized team involvement."
230,Evelyn Johnson,Delivery,Robert Baker,Produce,Moldy fruits,1/16/2024,MegaMart,Received the wrong item in delivery,Negative,-0.75,Medium,No,None,"The customer received the wrong item in delivery, which is a meaningful product problem requiring attention, but not an urgent intervention."
233,Oliver Thompson,Delivery,Mike Anderson,Logistics,Lost package,1/19/2024,MegaMart,No delivery updates were provided,Negative,-0.75,Medium,No,None,"Customer is dissatisfied with the lack of delivery updates, which is a moderate inconvenience that can be resolved through normal customer service handling."
234,Emma Adams,Staff,Emily Davis,Customer Service,Impolite behavior,1/20/2024,HyperMart,Employee was unhelpful when asked for assistance,Negative,-0.75,Medium,No,None,"Customer reported unhelpful staff behavior, but normal customer service handling is sufficient."
239,James Wilson,Staff,Mike Anderson,Logistics,Lost package,1/25/2024,MegaMart,Long wait due to slow staff response,Negative,-0.75,Medium,No,None,"Customer is dissatisfied with slow staff response, but it does not require management intervention."
240,Sophia Davis,Product,Emily Davis,Customer Service,Impolite behavior,1/26/2024,HyperMart,Product was damaged upon purchase,Negative,-0.75,Medium,No,None,"Customer complaint involves product damage, but no safety concerns or severe service failure."
242,Emma Adams,Delivery,Robert Baker,Produce,Moldy fruits,1/28/2024,MegaMart,Package was delivered to the wrong address,Negative,-0.75,Medium,No,None,"Customer complaint about delivery issue, but not severe enough to require immediate management intervention."
245,William Thompson,Delivery,Mike Anderson,Logistics,Lost package,1/31/2024,MegaMart,Delivery was incomplete,Negative,-0.75,Medium,No,None,"The customer's complaint is a moderate inconvenience related to a delivery issue, which can be resolved through normal customer service handling."
246,Evelyn Johnson,Staff,Emily Davis,Customer Service,Impolite behavior,2/1/2024,HyperMart,Employee was unhelpful when asked for assistance,Negative,-0.75,Medium,No,None,"Customer reported unhelpful staff behavior, but normal customer service handling is sufficient."
254,Evelyn Johnson,Delivery,Robert Baker,Produce,Moldy fruits,2/9/2024,MegaMart,Delivery was incomplete,Negative,-0.75,Medium,No,None,"The customer complaint about an incomplete delivery does not indicate a high-priority issue, but rather a meaningful product problem that can be resolved through normal customer service handling."
255,James Wilson,Staff,Samantha Davis,Deli,Slow service,2/10/2024,HyperMart,Staff member ignored my query,Negative,-0.75,Medium,Yes,Manager/Supervisor,Staff misconduct requires managerial intervention to address the issue.
258,Emma Adams,Staff,Emily Davis,Customer Service,Impolite behavior,2/13/2024,HyperMart,Long wait due to slow staff response,Negative,-0.75,Medium,No,None,"Customer is dissatisfied with slow staff response, but it does not appear to be a critical or urgent issue."
267,Chloe Brown,Staff,Samantha Davis,Deli,Slow service,2/22/2024,HyperMart,Long wait due to slow staff response,Negative,-0.75,Medium,No,None,"Customer experienced a moderate inconvenience with slow staff response, but normal customer service handling should be sufficient."
268,Liam Davis,Product,David Harris,Bakery,Stale bread,2/23/2024,SuperMart,Product description was misleading,Negative,-0.75,Medium,No,None,"The customer's complaint about stale bread is a product problem, but it does not require immediate attention or escalation."
269,William Thompson,Delivery,Mike Anderson,Logistics,Lost package,2/24/2024,MegaMart,Delivery agent was unprofessional,Negative,-0.75,Medium,Yes,Logistics,The customer's complaint about a lost package and unprofessional delivery agent warrants escalation to the logistics team for further investigation and resolution.
270,Evelyn Johnson,Staff,Emily Davis,Customer Service,Impolite behavior,2/25/2024,HyperMart,Staff was not knowledgeable about products,Negative,-0.75,Medium,Yes,Manager/Supervisor,Staff behavior is a serious concern that requires management attention.
274,Emma Adams,Delivery,David Harris,Bakery,Stale bread,2/29/2024,SuperMart,Product arrived damaged during delivery,Negative,-0.75,Medium,Yes,Logistics,The customer's complaint about damaged product during delivery warrants escalation to the logistics team for investigation and resolution.
275,Chloe Brown,Staff,Mike Anderson,Logistics,Lost package,3/1/2024,MegaMart,Poor customer service at the counter,Negative,-0.75,Medium,No,None,"Customer expresses dissatisfaction with staff service, but it does not indicate a severe service failure or staff misconduct."
277,William Thompson,Staff,Sarah Johnson,Grocery,Expired milk,3/3/2024,SuperMart,Employee was discourteous during interaction,Negative,-0.75,Medium,Yes,Manager/Supervisor,Staff misconduct requires managerial attention
290,Emma Adams,Delivery,Robert Baker,Produce,Moldy fruits,3/16/2024,MegaMart,Received the wrong item in delivery,Negative,-0.75,Medium,No,None,"The customer received the wrong item in delivery, which is a meaningful product problem requiring attention, but not an urgent intervention."
291,Chloe Brown,Staff,Samantha Davis,Deli,Slow service,3/17/2024,HyperMart,Staff member ignored my query,Negative,-0.75,Medium,Yes,Manager/Supervisor,Staff misconduct requires managerial intervention to address the issue.
293,William Thompson,Delivery,Mike Anderson,Logistics,Lost package,3/19/2024,MegaMart,Received fewer items than ordered,Negative,-0.75,Medium,Yes,Logistics,"The customer received fewer items than ordered, indicating a potential delivery issue that requires escalation to the logistics team for investigation and resolution."
294,Evelyn Johnson,Staff,Emily Davis,Customer Service,Impolite behavior,3/20/2024,HyperMart,Employee was unhelpful when asked for assistance,Negative,-0.75,Medium,No,None,"Customer reported unhelpful staff behavior, but normal customer service handling is sufficient."
298,Emma Adams,Delivery,David Harris,Bakery,Stale bread,3/24/2024,SuperMart,Received fewer items than ordered,Negative,-0.75,Medium,No,None,"The customer received fewer items than ordered, which is a meaningful product problem requiring attention but not urgent intervention."
299,Chloe Brown,Staff,Mike Anderson,Logistics,Lost package,3/25/2024,MegaMart,Poor customer service at the counter,Negative,-0.75,Medium,No,None,"Customer expresses dissatisfaction with staff service, but it does not indicate a severe service failure or staff misconduct."
300,Liam Davis,Product,Emily Davis,Customer Service,Impolite behavior,3/26/2024,HyperMart,Product had manufacturing defects,Negative,-0.75,Medium,No,None,"The customer complaint about manufacturing defects is a meaningful product problem that requires attention, but normal customer service handling is sufficient."
17,Liam Turner,Delivery,Mike Anderson,Logistics,Late delivery,6/17/2023,MegaMart,Delayed delivery caused inconvenience,Negative,-0.7,Medium,No,None,"Customer complaint about delayed delivery is a significant inconvenience, but normal customer service handling is sufficient."
128,Sophia Davis,Staff,Robert Baker,Produce,Moldy fruits,10/6/2023,MegaMart,Staff was not knowledgeable about products,Negative,-0.7,Medium,No,None,The customer's complaint about staff knowledge appears to be a general customer service problem that can be handled through normal customer service channels.
152,Sophia Davis,Staff,Robert Baker,Produce,Moldy fruits,10/30/2023,MegaMart,Staff was not knowledgeable about products,Negative,-0.7,Medium,No,None,The customer's complaint about staff knowledge appears to be a general customer service problem that can be handled through normal customer service channels.
181,William Thompson,Staff,Sarah Johnson,Grocery,Expired milk,11/28/2023,SuperMart,Staff was not knowledgeable about products,Negative,-0.7,Medium,No,None,"Customer complaint about staff knowledge, but no safety concerns or severe misconduct mentioned."
248,Sophia Davis,Staff,Robert Baker,Produce,Moldy fruits,2/3/2024,MegaMart,Staff was not knowledgeable about products,Negative,-0.7,Medium,No,None,The customer's complaint about staff knowledge appears to be a general customer service problem that can be handled through normal customer service channels.
289,Oliver Thompson,Staff,Sarah Johnson,Grocery,Expired milk,3/15/2024,SuperMart,Staff was not knowledgeable about products,Negative,-0.7,Medium,No,None,"Customer complaint about staff knowledge, but no safety concerns or severe misconduct mentioned."
79,James Wilson,Product,Robert Baker,Produce,Moldy fruits,8/18/2023,SuperMart,Missing parts in the product package,Negative,-0.69,Medium,No,None,"The customer's complaint about missing parts in the product package is a meaningful product problem, but there is no indication of safety concerns, severe service failure, or major customer impact."
180,Liam Davis,Product,Emily Davis,Customer Service,Impolite behavior,11/27/2023,HyperMart,Item stopped working shortly after purchase,Negative,-0.68,Medium,No,None,"The customer's complaint about the product stopping working shortly after purchase suggests a meaningful product problem, but does not indicate a need for immediate escalation or specialized intervention."
89,Oliver Roberts,Product,Emily Davis,Customer Service,Unhelpful assistance,8/28/2023,MegaMart,Product description was misleading,Negative,-0.67,Medium,No,None,"Customer is dissatisfied with the product description, but normal customer service handling should be sufficient to resolve the issue."
13,Benjamin Roberts,Staff,Emily Davis,Customer Service,Impolite behavior,6/13/2023,SuperMart,Staff was rude during checkout,Negative,-0.65,Medium,Yes,Manager/Supervisor,Staff misconduct requires management intervention to address the issue.
18,Sophia Roberts,Staff,Jessica Roberts,Customer Service,Unhelpful assistance,6/18/2023,HyperMart,Employee was discourteous during interaction,Negative,-0.65,Medium,Yes,Manager/Supervisor,Customer complaint indicates staff misconduct requiring managerial attention.
19,Olivia Adams,Product,Robert Baker,Grocery,Expired milk,6/19/2023,SuperMart,Product quality did not meet expectations,Negative,-0.65,Medium,Yes,Product Team,"The customer's complaint about expired milk suggests a product quality issue, requiring intervention from the Product Team."
25,Oliver Roberts,Delivery,Sarah Johnson,Logistics,Damaged package,6/25/2023,SuperMart,Order was marked delivered but not received,Negative,-0.65,Medium,No,None,"Customer is experiencing a delivery issue with a damaged package, which can be resolved through normal customer service handling."
36,Liam Brown,Staff,Samantha Davis,Deli,Incorrect order,7/6/2023,HyperMart,Employee was unhelpful when asked for assistance,Negative,-0.65,Medium,No,None,"Customer experienced unhelpful staff assistance with an incorrect order, but normal customer service handling is sufficient."
44,Chloe Brown,Staff,Jessica Roberts,Customer Service,Rude behavior,7/14/2023,MegaMart,Staff was rude during checkout,Negative,-0.65,Medium,Yes,Manager/Supervisor,Staff misconduct requires managerial intervention to address the issue.
46,William Thompson,Delivery,Sarah Johnson,Logistics,Damaged package,7/16/2023,SuperMart,Delayed delivery caused inconvenience,Negative,-0.65,Medium,No,None,"Customer complaint about delayed delivery and damaged package, which is a moderate inconvenience."
55,James Johnson,Staff,Jessica Roberts,Customer Service,Unhelpful assistance,7/25/2023,SuperMart,Poor customer service at the counter,Negative,-0.65,Medium,No,None,"Customer service issue reported, but no severe dissatisfaction or safety concerns indicated."
61,William Thompson,Product,Sarah Johnson,Grocery,Expired milk,7/31/2023,SuperMart,Item stopped working shortly after purchase,Negative,-0.65,Medium,No,None,"Customer complaint about expired milk is a product quality issue, which can be handled by normal customer service."
63,James Wilson,Staff,Jessica Roberts,Customer Service,Rude behavior,8/2/2023,HyperMart,Store associate was inattentive,Negative,-0.65,Medium,No,None,"Customer complaint about inattentive store associate, but no indication of severe misconduct or major customer impact."
76,Liam Davis,Product,Sarah Johnson,Grocery,Expired milk,8/15/2023,SuperMart,Item stopped working shortly after purchase,Negative,-0.65,Medium,No,None,"Customer complaint about expired milk is a product quality issue, which can be handled by normal customer service."
81,Oliver Thompson,Product,David Harris,Bakery,Stale bread,8/20/2023,HyperMart,Item was not as advertised,Negative,-0.65,Medium,No,None,"Customer is dissatisfied with the product, but it does not meet the criteria for high priority or escalation."
86,James Roberts,Staff,Jessica Roberts,Customer Service,Rude behavior,8/25/2023,MegaMart,Staff was rude during checkout,Negative,-0.65,Medium,Yes,Manager/Supervisor,Staff misconduct requires managerial intervention to address the issue.
88,Sophia Davis,Staff,Mike Anderson,Logistics,Late delivery,8/27/2023,SuperMart,Store associate was inattentive,Negative,-0.65,Medium,No,None,"Customer expressed dissatisfaction with store associate's inattentiveness, but normal customer service handling is sufficient."
93,William Thompson,Staff,David Harris,Bakery,Stale bread,9/1/2023,HyperMart,Staff provided incorrect information,Negative,-0.65,Medium,No,None,The customer complaint about staff providing incorrect information is a service-related issue that can be handled by normal customer service handling.
96,Sophia Davis,Product,Emily Davis,Customer Service,Unhelpful assistance,9/4/2023,HyperMart,Missing parts in the product package,Negative,-0.65,Medium,No,None,"The customer is experiencing a product issue, but it does not require immediate attention from management or a specialized team."
97,Oliver Thompson,Staff,Sarah Johnson,Grocery,Expired milk,9/5/2023,SuperMart,Long wait due to slow staff response,Negative,-0.65,Medium,No,None,"The customer experienced a delay due to slow staff response, but no safety concerns or severe misconduct were reported."
107,Chloe Brown,Staff,Mike Anderson,Logistics,Lost package,9/15/2023,MegaMart,Employee was discourteous during interaction,Negative,-0.65,Medium,Yes,Manager/Supervisor,Customer interaction issue requires investigation and resolution by management.
112,Sophia Davis,Product,David Harris,Bakery,Stale bread,9/20/2023,SuperMart,Item was not as advertised,Negative,-0.65,Medium,No,None,"Customer is dissatisfied with the product, but it does not meet the criteria for high priority or escalation."
115,Chloe Brown,Product,Sarah Johnson,Grocery,Expired milk,9/23/2023,SuperMart,Product quality did not meet expectations,Negative,-0.65,Medium,Yes,Product Team,"The customer's complaint about expired milk suggests a product quality issue, requiring intervention from the Product Team."
116,Liam Davis,Staff,Robert Baker,Produce,Moldy fruits,9/24/2023,MegaMart,Employee was unhelpful when asked for assistance,Negative,-0.65,Medium,Yes,Manager/Supervisor,"The customer complaint involves staff misconduct, which requires management intervention."
122,Emma Adams,Delivery,Robert Baker,Produce,Moldy fruits,9/30/2023,MegaMart,Delivery agent was unprofessional,Negative,-0.65,Medium,No,None,"Customer complaint about unprofessional delivery agent, but no mention of safety concerns, severe service failure, or major customer impact."
123,Chloe Brown,Staff,Samantha Davis,Deli,Slow service,10/1/2023,HyperMart,Store associate was inattentive,Negative,-0.65,Medium,No,None,"The customer complaint about inattentive store associate service falls under general customer service problems, which can be handled through normal customer service handling."
129,Oliver Thompson,Product,Samantha Davis,Deli,Slow service,10/7/2023,HyperMart,Product quality did not meet expectations,Negative,-0.65,Medium,No,None,"Customer expressed dissatisfaction with product quality, but normal customer service handling is sufficient."
130,Emma Adams,Delivery,David Harris,Bakery,Stale bread,10/8/2023,SuperMart,Received the wrong item in delivery,Negative,-0.65,Medium,Yes,Logistics,"The customer received the wrong item in delivery, indicating a product handling issue that requires attention from the logistics team."
131,Chloe Brown,Staff,Mike Anderson,Logistics,Lost package,10/9/2023,MegaMart,Staff was not knowledgeable about products,Negative,-0.65,Medium,No,None,"The customer's complaint about staff knowledge is a general customer service problem, which can be handled through normal customer service procedures."
139,Chloe Brown,Product,Sarah Johnson,Grocery,Expired milk,10/17/2023,SuperMart,Product quality did not meet expectations,Negative,-0.65,Medium,Yes,Product Team,"The customer's complaint about expired milk suggests a product quality issue, requiring intervention from the Product Team."
141,William Thompson,Product,Samantha Davis,Deli,Slow service,10/19/2023,HyperMart,Item was not as advertised,Negative,-0.65,Medium,No,None,"The customer complaint about the product not being as advertised is a meaningful product problem that requires attention, but normal customer service handling should be sufficient."
143,James Wilson,Staff,Mike Anderson,Logistics,Lost package,10/21/2023,MegaMart,Staff was not knowledgeable about products,Negative,-0.65,Medium,No,None,"The customer's complaint about staff knowledge is a general customer service problem, which can be handled through normal customer service procedures."
146,Emma Adams,Delivery,Robert Baker,Produce,Moldy fruits,10/24/2023,MegaMart,Delayed delivery caused inconvenience,Negative,-0.65,Medium,No,None,"The customer's complaint about delayed delivery causing inconvenience does not require immediate management intervention, but normal customer service handling is sufficient."
151,James Wilson,Product,Sarah Johnson,Grocery,Expired milk,10/29/2023,SuperMart,Product was damaged upon purchase,Negative,-0.65,Medium,No,None,"Customer reported expired milk, but also mentioned it was damaged upon purchase, indicating a product quality issue, but not a safety concern."
153,Oliver Thompson,Product,Samantha Davis,Deli,Slow service,10/31/2023,HyperMart,Item was not as advertised,Negative,-0.65,Medium,No,None,"The customer complaint about the product not being as advertised is a meaningful product problem that requires attention, but normal customer service handling should be sufficient."
155,Chloe Brown,Staff,Mike Anderson,Logistics,Lost package,11/2/2023,MegaMart,Employee was discourteous during interaction,Negative,-0.65,Medium,Yes,Manager/Supervisor,Customer interaction issue requires investigation and resolution by management.
156,Liam Davis,Product,Emily Davis,Customer Service,Impolite behavior,11/3/2023,HyperMart,Received expired product,Negative,-0.65,Medium,Yes,Product Team,"The customer received an expired product, indicating a product quality issue that requires intervention from the Product Team."
157,William Thompson,Staff,Sarah Johnson,Grocery,Expired milk,11/4/2023,SuperMart,Long wait due to slow staff response,Negative,-0.65,Medium,No,None,"The customer experienced a delay due to slow staff response, but no safety concerns or severe misconduct were reported."
158,Evelyn Johnson,Delivery,Robert Baker,Produce,Moldy fruits,11/5/2023,MegaMart,Delivery arrived later than promised,Negative,-0.65,Medium,No,None,"The customer's complaint about delivery delay is a serious issue that requires attention from the customer service team, but does not require escalation to a higher level."
163,Chloe Brown,Product,Sarah Johnson,Grocery,Expired milk,11/10/2023,SuperMart,Product quality did not meet expectations,Negative,-0.65,Medium,Yes,Product Team,"The customer's complaint about expired milk suggests a product quality issue, requiring intervention from the Product Team."
166,Evelyn Johnson,Delivery,David Harris,Bakery,Stale bread,11/13/2023,SuperMart,Received the wrong item in delivery,Negative,-0.65,Medium,Yes,Logistics,"The customer received the wrong item in delivery, indicating a product handling issue that requires attention from the logistics team."
167,James Wilson,Staff,Mike Anderson,Logistics,Lost package,11/14/2023,MegaMart,Employee was unhelpful when asked for assistance,Negative,-0.65,Medium,Yes,Manager/Supervisor,The customer's complaint about unhelpful staff warrants management intervention to address the staff's behavior.
170,Emma Adams,Delivery,Robert Baker,Produce,Moldy fruits,11/17/2023,MegaMart,Delayed delivery caused inconvenience,Negative,-0.65,Medium,No,None,"The customer's complaint about delayed delivery causing inconvenience does not require immediate management intervention, but normal customer service handling is sufficient."
175,James Wilson,Product,Sarah Johnson,Grocery,Expired milk,11/22/2023,SuperMart,Product was damaged upon purchase,Negative,-0.65,Medium,No,None,"Customer reported expired milk, but also mentioned it was damaged upon purchase, indicating a product quality issue, but not a safety concern."
177,Oliver Thompson,Product,Samantha Davis,Deli,Slow service,11/24/2023,HyperMart,Item was not as advertised,Negative,-0.65,Medium,No,None,"The customer complaint about the product not being as advertised is a meaningful product problem that requires attention, but normal customer service handling should be sufficient."
194,Emma Adams,Delivery,Robert Baker,Produce,Moldy fruits,12/11/2023,MegaMart,Delivery arrived later than promised,Negative,-0.65,Medium,No,None,"The customer's complaint about delivery delay is a serious issue that requires attention from the customer service team, but does not require escalation to a higher level."
196,Liam Davis,Product,David Harris,Bakery,Stale bread,12/13/2023,SuperMart,Item was not as advertised,Negative,-0.65,Medium,No,None,"Customer is dissatisfied with the product, but it does not meet the criteria for high priority or escalation."
199,James Wilson,Product,Sarah Johnson,Grocery,Expired milk,12/16/2023,SuperMart,Item stopped working shortly after purchase,Negative,-0.65,Medium,No,None,"Customer complaint about expired milk is a product quality issue, which can be handled by normal customer service."
200,Sophia Davis,Staff,Robert Baker,Produce,Moldy fruits,12/17/2023,MegaMart,Staff was rude during checkout,Negative,-0.65,Medium,Yes,Manager/Supervisor,Staff misconduct requires management intervention to address the issue.
206,Evelyn Johnson,Delivery,Robert Baker,Produce,Moldy fruits,12/23/2023,MegaMart,No delivery updates were provided,Negative,-0.65,Medium,No,None,"Customer is dissatisfied with lack of delivery updates, but the issue does not appear to be severe or urgent."
208,Sophia Davis,Product,David Harris,Bakery,Stale bread,12/25/2023,SuperMart,Item was not as advertised,Negative,-0.65,Medium,No,None,"Customer is dissatisfied with the product, but it does not meet the criteria for high priority or escalation."
213,William Thompson,Product,Samantha Davis,Deli,Slow service,12/30/2023,HyperMart,Item was not as advertised,Negative,-0.65,Medium,No,None,"The customer complaint about the product not being as advertised is a meaningful product problem that requires attention, but normal customer service handling should be sufficient."
215,James Wilson,Staff,Mike Anderson,Logistics,Lost package,1/1/2024,MegaMart,Employee was discourteous during interaction,Negative,-0.65,Medium,Yes,Manager/Supervisor,Customer interaction issue requires investigation and resolution by management.
217,Oliver Thompson,Staff,Sarah Johnson,Grocery,Expired milk,1/3/2024,SuperMart,Long wait due to slow staff response,Negative,-0.65,Medium,No,None,"The customer experienced a delay due to slow staff response, but no safety concerns or severe misconduct were reported."
224,Sophia Davis,Staff,Robert Baker,Produce,Moldy fruits,1/10/2024,MegaMart,Store associate was inattentive,Negative,-0.65,Medium,No,None,Customer complaint about inattentive store associate is a general customer service problem that can be handled through routine support.
235,Chloe Brown,Product,Sarah Johnson,Grocery,Expired milk,1/21/2024,SuperMart,Item stopped working shortly after purchase,Negative,-0.65,Medium,No,None,"Customer complaint about expired milk is a product quality issue, which can be handled by normal customer service."
238,Evelyn Johnson,Delivery,David Harris,Bakery,Stale bread,1/24/2024,SuperMart,Delayed delivery caused inconvenience,Negative,-0.65,Medium,No,None,"The customer experienced a moderate inconvenience due to delayed delivery, but normal customer service handling should be sufficient to resolve the issue."
244,Liam Davis,Product,David Harris,Bakery,Stale bread,1/30/2024,SuperMart,Product size was incorrect,Negative,-0.65,Medium,No,None,"The complaint is about a product issue, but it does not seem to be severe or urgent, so normal customer service handling should suffice."
251,Chloe Brown,Staff,Mike Anderson,Logistics,Lost package,2/6/2024,MegaMart,Staff was not knowledgeable about products,Negative,-0.65,Medium,No,None,"The customer's complaint about staff knowledge is a general customer service problem, which can be handled through normal customer service procedures."
252,Liam Davis,Product,Emily Davis,Customer Service,Impolite behavior,2/7/2024,HyperMart,Product quality did not meet expectations,Negative,-0.65,Medium,No,None,"Customer expressed dissatisfaction with product quality, but no severe issues reported."
259,Chloe Brown,Product,Sarah Johnson,Grocery,Expired milk,2/14/2024,SuperMart,Item stopped working shortly after purchase,Negative,-0.65,Medium,No,None,"Customer complaint about expired milk is a product quality issue, which can be handled by normal customer service."
260,Liam Davis,Staff,Robert Baker,Produce,Moldy fruits,2/15/2024,MegaMart,Store associate was inattentive,Negative,-0.65,Medium,No,None,Customer complaint about inattentive store associate is a general customer service problem that can be handled through routine support.
261,William Thompson,Product,Samantha Davis,Deli,Slow service,2/16/2024,HyperMart,Product quality did not meet expectations,Negative,-0.65,Medium,No,None,"Customer expressed dissatisfaction with product quality, but normal customer service handling is sufficient."
264,Sophia Davis,Product,Emily Davis,Customer Service,Impolite behavior,2/19/2024,HyperMart,Product quality did not meet expectations,Negative,-0.65,Medium,No,None,"Customer expressed dissatisfaction with product quality, but no severe issues reported."
276,Liam Davis,Product,Emily Davis,Customer Service,Impolite behavior,3/2/2024,HyperMart,Product quality did not meet expectations,Negative,-0.65,Medium,No,None,"Customer expressed dissatisfaction with product quality, but no severe issues reported."
278,Evelyn Johnson,Delivery,Robert Baker,Produce,Moldy fruits,3/4/2024,MegaMart,Delayed delivery caused inconvenience,Negative,-0.65,Medium,No,None,"The customer's complaint about delayed delivery causing inconvenience does not require immediate management intervention, but normal customer service handling is sufficient."
282,Emma Adams,Staff,Emily Davis,Customer Service,Impolite behavior,3/8/2024,HyperMart,Staff was rude during checkout,Negative,-0.65,Medium,Yes,Manager/Supervisor,Staff misconduct requires management intervention to address the issue.
285,William Thompson,Product,Samantha Davis,Deli,Slow service,3/11/2024,HyperMart,Item was not as advertised,Negative,-0.65,Medium,No,None,"The customer complaint about the product not being as advertised is a meaningful product problem that requires attention, but normal customer service handling should be sufficient."
286,Evelyn Johnson,Delivery,David Harris,Bakery,Stale bread,3/12/2024,SuperMart,Delayed delivery caused inconvenience,Negative,-0.65,Medium,No,None,"The customer experienced a moderate inconvenience due to delayed delivery, but normal customer service handling should be sufficient to resolve the issue."
288,Sophia Davis,Product,Emily Davis,Customer Service,Impolite behavior,3/14/2024,HyperMart,Product quality did not meet expectations,Negative,-0.65,Medium,No,None,"Customer expressed dissatisfaction with product quality, but no severe issues reported."
292,Liam Davis,Product,David Harris,Bakery,Stale bread,3/18/2024,SuperMart,Received a defective product,Negative,-0.65,Medium,No,None,"Customer complaint about stale bread is a product quality issue, which can be handled by normal customer service support."
295,James Wilson,Product,Sarah Johnson,Grocery,Expired milk,3/21/2024,SuperMart,Item stopped working shortly after purchase,Negative,-0.65,Medium,No,None,"Customer complaint about expired milk is a product quality issue, which can be handled by normal customer service."
296,Sophia Davis,Staff,Robert Baker,Produce,Moldy fruits,3/22/2024,MegaMart,Store associate was inattentive,Negative,-0.65,Medium,No,None,Customer complaint about inattentive store associate is a general customer service problem that can be handled through routine support.
136,Sophia Davis,Product,David Harris,Bakery,Stale bread,10/14/2023,SuperMart,Missing parts in the product package,Negative,-0.64,Medium,No,None,"The customer complaint about missing parts in the product package is a meaningful product problem, but normal customer service handling should be sufficient to resolve the issue."
184,Sophia Davis,Product,David Harris,Bakery,Stale bread,12/1/2023,SuperMart,Missing parts in the product package,Negative,-0.64,Medium,No,None,"The customer complaint about missing parts in the product package is a meaningful product problem, but normal customer service handling should be sufficient to resolve the issue."
220,Liam Davis,Product,David Harris,Bakery,Stale bread,1/6/2024,SuperMart,Missing parts in the product package,Negative,-0.64,Medium,No,None,"The customer complaint about missing parts in the product package is a meaningful product problem, but normal customer service handling should be sufficient to resolve the issue."
232,Sophia Davis,Product,David Harris,Bakery,Stale bread,1/18/2024,SuperMart,Missing parts in the product package,Negative,-0.64,Medium,No,None,"The customer complaint about missing parts in the product package is a meaningful product problem, but normal customer service handling should be sufficient to resolve the issue."
256,Sophia Davis,Product,David Harris,Bakery,Stale bread,2/11/2024,SuperMart,Missing parts in the product package,Negative,-0.64,Medium,No,None,"The customer complaint about missing parts in the product package is a meaningful product problem, but normal customer service handling should be sufficient to resolve the issue."
22,James Johnson,Delivery,Mike Anderson,Logistics,Delayed delivery,6/22/2023,SuperMart,Delayed delivery caused inconvenience,Negative,-0.6,Medium,No,None,"The customer complaint is about a delayed delivery, which is a significant problem but not urgent or severe enough to require immediate management intervention."
73,Oliver Roberts,Staff,Emily Davis,Customer Service,Impolite behavior,8/12/2023,SuperMart,Employee was discourteous during interaction,Negative,-0.59,Medium,Yes,Manager/Supervisor,"The customer complaint involves staff misconduct, which requires intervention by a manager or supervisor."
91,Chloe Brown,Staff,Robert Baker,Produce,Moldy fruits,8/30/2023,SuperMart,Poor customer service at the counter,Negative,-0.59,Medium,No,None,"The customer complaint about poor customer service at the counter is a general customer service problem, which can be handled by normal customer service handling."
121,Oliver Thompson,Staff,Sarah Johnson,Grocery,Expired milk,9/29/2023,SuperMart,Employee was unhelpful when asked for assistance,Negative,-0.59,Medium,No,None,"Customer reported unhelpful staff, but no safety concerns or severe misconduct mentioned."
154,Emma Adams,Delivery,David Harris,Bakery,Stale bread,11/1/2023,SuperMart,Delivery arrived later than promised,Negative,-0.59,Medium,No,None,"The customer is dissatisfied with the delivery time, but it does not appear to be a critical or urgent issue."
164,Liam Davis,Staff,Robert Baker,Produce,Moldy fruits,11/11/2023,MegaMart,Poor customer service at the counter,Negative,-0.59,Medium,No,None,"The customer complaint about poor customer service at the counter is a general customer service problem, which can be handled by normal customer service handling."
169,Oliver Thompson,Staff,Sarah Johnson,Grocery,Expired milk,11/16/2023,SuperMart,Employee was unhelpful when asked for assistance,Negative,-0.59,Medium,No,None,"Customer reported unhelpful staff, but no safety concerns or severe misconduct mentioned."
190,Evelyn Johnson,Delivery,David Harris,Bakery,Stale bread,12/7/2023,SuperMart,Delivery was incomplete,Negative,-0.59,Medium,No,None,"Customer is dissatisfied with incomplete delivery, but normal customer service handling should suffice."
198,Evelyn Johnson,Staff,Emily Davis,Customer Service,Impolite behavior,12/15/2023,HyperMart,Employee was discourteous during interaction,Negative,-0.59,Medium,Yes,Manager/Supervisor,"The customer complaint involves staff misconduct, which requires intervention by a manager or supervisor."
202,Emma Adams,Delivery,David Harris,Bakery,Stale bread,12/19/2023,SuperMart,Delivery arrived later than promised,Negative,-0.59,Medium,No,None,"The customer is dissatisfied with the delivery time, but it does not appear to be a critical or urgent issue."
212,Liam Davis,Staff,Robert Baker,Produce,Moldy fruits,12/29/2023,MegaMart,Poor customer service at the counter,Negative,-0.59,Medium,No,None,"The customer complaint about poor customer service at the counter is a general customer service problem, which can be handled by normal customer service handling."
236,Liam Davis,Staff,Robert Baker,Produce,Moldy fruits,1/22/2024,MegaMart,Poor customer service at the counter,Negative,-0.59,Medium,No,None,"The customer complaint about poor customer service at the counter is a general customer service problem, which can be handled by normal customer service handling."
241,Oliver Thompson,Staff,Sarah Johnson,Grocery,Expired milk,1/27/2024,SuperMart,Store associate was inattentive,Negative,-0.59,Medium,No,None,The customer complaint about inattentive staff handling an expired milk product is a service-related issue that can be resolved through normal customer service handling.
250,Emma Adams,Delivery,David Harris,Bakery,Stale bread,2/5/2024,SuperMart,Delivery arrived later than promised,Negative,-0.59,Medium,No,None,"The customer is dissatisfied with the delivery time, but it does not appear to be a critical or urgent issue."
253,William Thompson,Staff,Sarah Johnson,Grocery,Expired milk,2/8/2024,SuperMart,Employee was unhelpful when asked for assistance,Negative,-0.59,Medium,No,None,"Customer reported unhelpful staff, but no safety concerns or severe misconduct mentioned."
265,Oliver Thompson,Staff,Sarah Johnson,Grocery,Expired milk,2/20/2024,SuperMart,Store associate was inattentive,Negative,-0.59,Medium,No,None,The customer complaint about inattentive staff handling an expired milk product is a service-related issue that can be resolved through normal customer service handling.
2,Emily Davis,Delivery,Mike Anderson,Logistics,Late delivery,6/2/2023,MegaMart,Delivery arrived later than promised,Negative,-0.55,Medium,No,None,The customer complaint about late delivery is a moderate inconvenience that can be handled through normal customer service channels.
11,Matthew Johnson,Product,David Harris,Bakery,Stale cakes,6/11/2023,MegaMart,Missing parts in the product package,Negative,-0.55,Medium,No,None,"Customer complaint about missing parts in product package, which is a meaningful product problem, but normal customer service handling is sufficient."
12,Sophia Adams,Delivery,Mike Anderson,Logistics,Lost package,6/12/2023,HyperMart,Delivery arrived later than promised,Negative,-0.55,Medium,No,None,The customer's complaint about a delayed delivery is a moderate inconvenience that can be handled by normal customer service.
23,Sophia Turner,Staff,Emily Davis,Customer Service,Impolite behavior,6/23/2023,MegaMart,Store associate was inattentive,Negative,-0.55,Medium,No,None,"The customer complaint about inattentive staff behavior does not require immediate management intervention, but does warrant attention from customer service to resolve the issue."
28,Liam Davis,Delivery,Mike Anderson,Logistics,Lost package,6/28/2023,SuperMart,Delivery arrived later than promised,Negative,-0.55,Medium,No,None,The customer's complaint about a delayed delivery is a moderate inconvenience that can be handled by normal customer service.
45,Liam Davis,Product,Robert Baker,Produce,Moldy fruits,7/15/2023,HyperMart,Product size was incorrect,Negative,-0.55,Medium,No,None,"The customer complaint about a product issue is not severe enough to warrant escalation, but it requires attention from the customer service team."
48,James Wilson,Product,David Harris,Bakery,Stale cakes,7/18/2023,HyperMart,Missing parts in the product package,Negative,-0.55,Medium,No,None,"Customer complaint about missing parts in product package, which is a meaningful product problem, but normal customer service handling is sufficient."
94,Evelyn Johnson,Delivery,Jessica Roberts,Customer Service,Impolite behavior,9/2/2023,SuperMart,Delivery was incomplete,Negative,-0.55,Medium,No,None,"The customer complaint about an incomplete delivery is a meaningful product problem that requires attention, but normal customer service handling should be sufficient."
119,James Wilson,Staff,Mike Anderson,Logistics,Lost package,9/27/2023,MegaMart,Store associate was inattentive,Negative,-0.55,Medium,No,None,"The customer's complaint about a staff member's inattentiveness does not indicate a severe service failure or staff misconduct, but rather a general customer service problem that can be handled through normal customer service channels."
179,Chloe Brown,Staff,Mike Anderson,Logistics,Lost package,11/26/2023,MegaMart,Store associate was inattentive,Negative,-0.55,Medium,No,None,"The customer's complaint about a staff member's inattentiveness does not indicate a severe service failure or staff misconduct, but rather a general customer service problem that can be handled through normal customer service channels."
188,Liam Davis,Staff,Robert Baker,Produce,Moldy fruits,12/5/2023,MegaMart,Long wait due to slow staff response,Negative,-0.55,Medium,No,None,"Customer experienced a moderate inconvenience due to slow staff response, but it does not require immediate management intervention."
211,Chloe Brown,Product,Sarah Johnson,Grocery,Expired milk,12/28/2023,SuperMart,Product size was incorrect,Negative,-0.55,Medium,No,None,"The customer complaint about an expired milk product does not indicate a high-priority issue, and normal customer service handling should be sufficient."
227,Chloe Brown,Staff,Mike Anderson,Logistics,Lost package,1/13/2024,MegaMart,Store associate was inattentive,Negative,-0.55,Medium,No,None,"The customer's complaint about a staff member's inattentiveness does not indicate a severe service failure or staff misconduct, but rather a general customer service problem that can be handled through normal customer service channels."
247,James Wilson,Product,Sarah Johnson,Grocery,Expired milk,2/2/2024,SuperMart,Product size was incorrect,Negative,-0.55,Medium,No,None,"The customer complaint about an expired milk product does not indicate a high-priority issue, and normal customer service handling should be sufficient."
263,James Wilson,Staff,Mike Anderson,Logistics,Lost package,2/18/2024,MegaMart,Store associate was inattentive,Negative,-0.55,Medium,No,None,"The customer's complaint about a staff member's inattentiveness does not indicate a severe service failure or staff misconduct, but rather a general customer service problem that can be handled through normal customer service channels."
271,James Wilson,Product,Sarah Johnson,Grocery,Expired milk,2/26/2024,SuperMart,Product size was incorrect,Negative,-0.55,Medium,No,None,"The customer complaint about an expired milk product does not indicate a high-priority issue, and normal customer service handling should be sufficient."
281,Oliver Thompson,Delivery,Mike Anderson,Logistics,Lost package,3/7/2024,MegaMart,Delivery arrived later than promised,Negative,-0.55,Medium,No,None,The customer's complaint about a delayed delivery is a moderate inconvenience that can be handled by normal customer service.
284,Liam Davis,Staff,Robert Baker,Produce,Moldy fruits,3/10/2024,MegaMart,Long wait due to slow staff response,Negative,-0.55,Medium,No,None,"Customer experienced a moderate inconvenience due to slow staff response, but it does not require immediate management intervention."
